<?xml version="1.0" encoding="UTF-8"?>
<objects serializationModel="Studio.02.02.00">
	<object class="EncodingSetting" id="{be8b627c-fa92-46af-88ad-e350a980b7c2}">
		<property name="encodingFormat">
			<value>3</value>
		</property>
		<property name="quality">
			<value>37</value>
		</property>
		<relationship name="platform">
			<destination>{b5cee561-e3e2-458e-a312-0fc8e045c3fd}</destination>
		</relationship>
		<relationship name="encodable">
			<destination>{b5cee561-e3e2-458e-a312-0fc8e045c3fd}</destination>
		</relationship>
	</object>
</objects>
