<?xml version="1.0" encoding="UTF-8"?>
<objects serializationModel="Studio.02.02.00">
	<object class="AudioFile" id="{de25638d-4679-41ec-a27b-4c4a98b3015f}">
		<property name="assetPath">
			<value>heart_drop.wav</value>
		</property>
		<property name="frequencyInKHz">
			<value>22.0499992</value>
		</property>
		<property name="channelCount">
			<value>1</value>
		</property>
		<property name="length">
			<value>0.21637188208616781</value>
		</property>
		<relationship name="masterAssetFolder">
			<destination>{abead0e8-3b41-4718-bc09-ed5568669a66}</destination>
		</relationship>
	</object>
</objects>
