<?xml version="1.0" encoding="UTF-8"?>
<objects serializationModel="Studio.02.02.00">
	<object class="AudioFile" id="{e90e1717-6a96-4a90-8530-c92643878cef}">
		<property name="assetPath">
			<value>end_jingle.wav</value>
		</property>
		<property name="frequencyInKHz">
			<value>22.0499992</value>
		</property>
		<property name="channelCount">
			<value>1</value>
		</property>
		<property name="length">
			<value>1.833015873015873</value>
		</property>
		<relationship name="masterAssetFolder">
			<destination>{abead0e8-3b41-4718-bc09-ed5568669a66}</destination>
		</relationship>
	</object>
</objects>
