{"frames": {

"0":
{
	"frame": {"x":106,"y":192,"w":8,"h":8},
	"rotated": false,
	"trimmed": false,
	"spriteSourceSize": {"x":0,"y":0,"w":8,"h":8},
	"sourceSize": {"w":8,"h":8},
	"pivot": {"x":0.5,"y":0.5}
},
"1":
{
	"frame": {"x":161,"y":170,"w":8,"h":8},
	"rotated": false,
	"trimmed": false,
	"spriteSourceSize": {"x":0,"y":0,"w":8,"h":8},
	"sourceSize": {"w":8,"h":8},
	"pivot": {"x":0.5,"y":0.5}
},
"2":
{
	"frame": {"x":171,"y":175,"w":8,"h":8},
	"rotated": false,
	"trimmed": false,
	"spriteSourceSize": {"x":0,"y":0,"w":8,"h":8},
	"sourceSize": {"w":8,"h":8},
	"pivot": {"x":0.5,"y":0.5}
},
"3":
{
	"frame": {"x":161,"y":180,"w":8,"h":8},
	"rotated": false,
	"trimmed": false,
	"spriteSourceSize": {"x":0,"y":0,"w":8,"h":8},
	"sourceSize": {"w":8,"h":8},
	"pivot": {"x":0.5,"y":0.5}
},
"4":
{
	"frame": {"x":225,"y":188,"w":8,"h":8},
	"rotated": false,
	"trimmed": false,
	"spriteSourceSize": {"x":0,"y":0,"w":8,"h":8},
	"sourceSize": {"w":8,"h":8},
	"pivot": {"x":0.5,"y":0.5}
},
"5":
{
	"frame": {"x":225,"y":198,"w":8,"h":8},
	"rotated": false,
	"trimmed": false,
	"spriteSourceSize": {"x":0,"y":0,"w":8,"h":8},
	"sourceSize": {"w":8,"h":8},
	"pivot": {"x":0.5,"y":0.5}
},
"6":
{
	"frame": {"x":225,"y":208,"w":8,"h":8},
	"rotated": false,
	"trimmed": false,
	"spriteSourceSize": {"x":0,"y":0,"w":8,"h":8},
	"sourceSize": {"w":8,"h":8},
	"pivot": {"x":0.5,"y":0.5}
},
"7":
{
	"frame": {"x":225,"y":218,"w":8,"h":8},
	"rotated": false,
	"trimmed": false,
	"spriteSourceSize": {"x":0,"y":0,"w":8,"h":8},
	"sourceSize": {"w":8,"h":8},
	"pivot": {"x":0.5,"y":0.5}
},
"8":
{
	"frame": {"x":128,"y":202,"w":8,"h":8},
	"rotated": false,
	"trimmed": false,
	"spriteSourceSize": {"x":0,"y":0,"w":8,"h":8},
	"sourceSize": {"w":8,"h":8},
	"pivot": {"x":0.5,"y":0.5}
},
"9":
{
	"frame": {"x":128,"y":212,"w":8,"h":8},
	"rotated": false,
	"trimmed": false,
	"spriteSourceSize": {"x":0,"y":0,"w":8,"h":8},
	"sourceSize": {"w":8,"h":8},
	"pivot": {"x":0.5,"y":0.5}
},
"B1":
{
	"frame": {"x":175,"y":127,"w":8,"h":14},
	"rotated": false,
	"trimmed": false,
	"spriteSourceSize": {"x":0,"y":0,"w":8,"h":14},
	"sourceSize": {"w":8,"h":14},
	"pivot": {"x":0.5,"y":0.5}
},
"B2":
{
	"frame": {"x":175,"y":143,"w":8,"h":14},
	"rotated": false,
	"trimmed": false,
	"spriteSourceSize": {"x":0,"y":0,"w":8,"h":14},
	"sourceSize": {"w":8,"h":14},
	"pivot": {"x":0.5,"y":0.5}
},
"B3":
{
	"frame": {"x":172,"y":159,"w":8,"h":14},
	"rotated": false,
	"trimmed": false,
	"spriteSourceSize": {"x":0,"y":0,"w":8,"h":14},
	"sourceSize": {"w":8,"h":14},
	"pivot": {"x":0.5,"y":0.5}
},
"CL1":
{
	"frame": {"x":89,"y":206,"w":15,"h":17},
	"rotated": false,
	"trimmed": false,
	"spriteSourceSize": {"x":0,"y":0,"w":15,"h":17},
	"sourceSize": {"w":15,"h":17},
	"pivot": {"x":0.5,"y":0.5}
},
"CL2":
{
	"frame": {"x":78,"y":369,"w":16,"h":19},
	"rotated": false,
	"trimmed": false,
	"spriteSourceSize": {"x":0,"y":0,"w":16,"h":19},
	"sourceSize": {"w":16,"h":19},
	"pivot": {"x":0.5,"y":0.5}
},
"CL3":
{
	"frame": {"x":20,"y":389,"w":16,"h":17},
	"rotated": false,
	"trimmed": false,
	"spriteSourceSize": {"x":0,"y":0,"w":16,"h":17},
	"sourceSize": {"w":16,"h":17},
	"pivot": {"x":0.5,"y":0.5}
},
"CR1":
{
	"frame": {"x":89,"y":225,"w":15,"h":17},
	"rotated": false,
	"trimmed": false,
	"spriteSourceSize": {"x":0,"y":0,"w":15,"h":17},
	"sourceSize": {"w":15,"h":17},
	"pivot": {"x":0.5,"y":0.5}
},
"CR2":
{
	"frame": {"x":57,"y":381,"w":16,"h":19},
	"rotated": false,
	"trimmed": false,
	"spriteSourceSize": {"x":0,"y":0,"w":16,"h":19},
	"sourceSize": {"w":16,"h":19},
	"pivot": {"x":0.5,"y":0.5}
},
"CR3":
{
	"frame": {"x":2,"y":395,"w":16,"h":17},
	"rotated": false,
	"trimmed": false,
	"spriteSourceSize": {"x":0,"y":0,"w":16,"h":17},
	"sourceSize": {"w":16,"h":17},
	"pivot": {"x":0.5,"y":0.5}
},
"F1":
{
	"frame": {"x":112,"y":108,"w":9,"h":7},
	"rotated": false,
	"trimmed": false,
	"spriteSourceSize": {"x":0,"y":0,"w":9,"h":7},
	"sourceSize": {"w":9,"h":7},
	"pivot": {"x":0.5,"y":0.5}
},
"F2":
{
	"frame": {"x":112,"y":117,"w":9,"h":7},
	"rotated": false,
	"trimmed": false,
	"spriteSourceSize": {"x":0,"y":0,"w":9,"h":7},
	"sourceSize": {"w":9,"h":7},
	"pivot": {"x":0.5,"y":0.5}
},
"FE1":
{
	"frame": {"x":196,"y":331,"w":16,"h":15},
	"rotated": false,
	"trimmed": false,
	"spriteSourceSize": {"x":0,"y":0,"w":16,"h":15},
	"sourceSize": {"w":16,"h":15},
	"pivot": {"x":0.5,"y":0.5}
},
"FE2":
{
	"frame": {"x":175,"y":110,"w":8,"h":15},
	"rotated": false,
	"trimmed": false,
	"spriteSourceSize": {"x":0,"y":0,"w":8,"h":15},
	"sourceSize": {"w":8,"h":15},
	"pivot": {"x":0.5,"y":0.5}
},
"FE3":
{
	"frame": {"x":112,"y":126,"w":8,"h":16},
	"rotated": false,
	"trimmed": false,
	"spriteSourceSize": {"x":0,"y":0,"w":8,"h":16},
	"sourceSize": {"w":8,"h":16},
	"pivot": {"x":0.5,"y":0.5}
},
"G1":
{
	"frame": {"x":73,"y":133,"w":8,"h":14},
	"rotated": false,
	"trimmed": false,
	"spriteSourceSize": {"x":0,"y":0,"w":8,"h":14},
	"sourceSize": {"w":8,"h":14},
	"pivot": {"x":0.5,"y":0.5}
},
"G2":
{
	"frame": {"x":73,"y":149,"w":8,"h":14},
	"rotated": false,
	"trimmed": false,
	"spriteSourceSize": {"x":0,"y":0,"w":8,"h":14},
	"sourceSize": {"w":8,"h":14},
	"pivot": {"x":0.5,"y":0.5}
},
"G3":
{
	"frame": {"x":73,"y":165,"w":8,"h":14},
	"rotated": false,
	"trimmed": false,
	"spriteSourceSize": {"x":0,"y":0,"w":8,"h":14},
	"sourceSize": {"w":8,"h":14},
	"pivot": {"x":0.5,"y":0.5}
},
"GAB1":
{
	"frame": {"x":185,"y":156,"w":23,"h":22},
	"rotated": false,
	"trimmed": false,
	"spriteSourceSize": {"x":0,"y":0,"w":23,"h":22},
	"sourceSize": {"w":23,"h":22},
	"pivot": {"x":0.5,"y":0.5}
},
"GAB2":
{
	"frame": {"x":2,"y":133,"w":22,"h":22},
	"rotated": false,
	"trimmed": false,
	"spriteSourceSize": {"x":0,"y":0,"w":22,"h":22},
	"sourceSize": {"w":22,"h":22},
	"pivot": {"x":0.5,"y":0.5}
},
"GAB3":
{
	"frame": {"x":147,"y":144,"w":23,"h":24},
	"rotated": false,
	"trimmed": false,
	"spriteSourceSize": {"x":0,"y":0,"w":23,"h":24},
	"sourceSize": {"w":23,"h":24},
	"pivot": {"x":0.5,"y":0.5}
},
"GAB4":
{
	"frame": {"x":2,"y":157,"w":20,"h":30},
	"rotated": false,
	"trimmed": false,
	"spriteSourceSize": {"x":0,"y":0,"w":20,"h":30},
	"sourceSize": {"w":20,"h":30},
	"pivot": {"x":0.5,"y":0.5}
},
"GAB5":
{
	"frame": {"x":203,"y":188,"w":20,"h":32},
	"rotated": false,
	"trimmed": false,
	"spriteSourceSize": {"x":0,"y":0,"w":20,"h":32},
	"sourceSize": {"w":20,"h":32},
	"pivot": {"x":0.5,"y":0.5}
},
"GAB6":
{
	"frame": {"x":139,"y":170,"w":20,"h":35},
	"rotated": false,
	"trimmed": false,
	"spriteSourceSize": {"x":0,"y":0,"w":20,"h":35},
	"sourceSize": {"w":20,"h":35},
	"pivot": {"x":0.5,"y":0.5}
},
"GAB7":
{
	"frame": {"x":86,"y":108,"w":24,"h":30},
	"rotated": false,
	"trimmed": false,
	"spriteSourceSize": {"x":0,"y":0,"w":24,"h":30},
	"sourceSize": {"w":24,"h":30},
	"pivot": {"x":0.5,"y":0.5}
},
"GAB8":
{
	"frame": {"x":169,"y":26,"w":29,"h":27},
	"rotated": false,
	"trimmed": false,
	"spriteSourceSize": {"x":0,"y":0,"w":29,"h":27},
	"sourceSize": {"w":29,"h":27},
	"pivot": {"x":0.5,"y":0.5}
},
"GAB9":
{
	"frame": {"x":136,"y":2,"w":32,"h":22},
	"rotated": false,
	"trimmed": false,
	"spriteSourceSize": {"x":0,"y":0,"w":32,"h":22},
	"sourceSize": {"w":32,"h":22},
	"pivot": {"x":0.5,"y":0.5}
},
"GAF1":
{
	"frame": {"x":46,"y":166,"w":20,"h":24},
	"rotated": false,
	"trimmed": true,
	"spriteSourceSize": {"x":0,"y":0,"w":20,"h":24},
	"sourceSize": {"w":20,"h":33},
	"pivot": {"x":0.5,"y":0.5}
},
"GAF2":
{
	"frame": {"x":235,"y":138,"w":19,"h":30},
	"rotated": false,
	"trimmed": true,
	"spriteSourceSize": {"x":0,"y":0,"w":19,"h":30},
	"sourceSize": {"w":19,"h":32},
	"pivot": {"x":0.5,"y":0.5}
},
"GAF3":
{
	"frame": {"x":106,"y":202,"w":20,"h":32},
	"rotated": false,
	"trimmed": false,
	"spriteSourceSize": {"x":0,"y":0,"w":20,"h":32},
	"sourceSize": {"w":20,"h":32},
	"pivot": {"x":0.5,"y":0.5}
},
"GAF4":
{
	"frame": {"x":203,"y":222,"w":20,"h":31},
	"rotated": false,
	"trimmed": false,
	"spriteSourceSize": {"x":0,"y":0,"w":20,"h":31},
	"sourceSize": {"w":20,"h":31},
	"pivot": {"x":0.5,"y":0.5}
},
"GAF5":
{
	"frame": {"x":68,"y":52,"w":28,"h":30},
	"rotated": false,
	"trimmed": true,
	"spriteSourceSize": {"x":0,"y":0,"w":28,"h":30},
	"sourceSize": {"w":28,"h":31},
	"pivot": {"x":0.5,"y":0.5}
},
"GAF6":
{
	"frame": {"x":68,"y":2,"w":32,"h":24},
	"rotated": false,
	"trimmed": true,
	"spriteSourceSize": {"x":0,"y":0,"w":32,"h":24},
	"sourceSize": {"w":32,"h":31},
	"pivot": {"x":0.5,"y":0.5}
},
"GAL1":
{
	"frame": {"x":42,"y":340,"w":16,"h":24},
	"rotated": false,
	"trimmed": true,
	"spriteSourceSize": {"x":0,"y":0,"w":16,"h":24},
	"sourceSize": {"w":16,"h":30},
	"pivot": {"x":0.5,"y":0.5}
},
"GAL2":
{
	"frame": {"x":161,"y":190,"w":18,"h":24},
	"rotated": false,
	"trimmed": true,
	"spriteSourceSize": {"x":0,"y":0,"w":18,"h":24},
	"sourceSize": {"w":18,"h":30},
	"pivot": {"x":0.5,"y":0.5}
},
"GAL3":
{
	"frame": {"x":231,"y":28,"w":23,"h":25},
	"rotated": false,
	"trimmed": true,
	"spriteSourceSize": {"x":0,"y":0,"w":23,"h":25},
	"sourceSize": {"w":23,"h":31},
	"pivot": {"x":0.5,"y":0.5}
},
"GAL4":
{
	"frame": {"x":227,"y":82,"w":26,"h":23},
	"rotated": false,
	"trimmed": true,
	"spriteSourceSize": {"x":0,"y":0,"w":26,"h":23},
	"sourceSize": {"w":26,"h":29},
	"pivot": {"x":0.5,"y":0.5}
},
"GAL5":
{
	"frame": {"x":200,"y":26,"w":29,"h":22},
	"rotated": false,
	"trimmed": true,
	"spriteSourceSize": {"x":0,"y":0,"w":29,"h":22},
	"sourceSize": {"w":29,"h":28},
	"pivot": {"x":0.5,"y":0.5}
},
"GAL6":
{
	"frame": {"x":204,"y":2,"w":31,"h":22},
	"rotated": false,
	"trimmed": true,
	"spriteSourceSize": {"x":0,"y":0,"w":31,"h":22},
	"sourceSize": {"w":31,"h":28},
	"pivot": {"x":0.5,"y":0.5}
},
"GAL7":
{
	"frame": {"x":2,"y":84,"w":28,"h":22},
	"rotated": false,
	"trimmed": true,
	"spriteSourceSize": {"x":0,"y":0,"w":28,"h":22},
	"sourceSize": {"w":28,"h":28},
	"pivot": {"x":0.5,"y":0.5}
},
"GAL8":
{
	"frame": {"x":128,"y":79,"w":28,"h":29},
	"rotated": false,
	"trimmed": false,
	"spriteSourceSize": {"x":0,"y":0,"w":28,"h":29},
	"sourceSize": {"w":28,"h":29},
	"pivot": {"x":0.5,"y":0.5}
},
"GAL9":
{
	"frame": {"x":50,"y":133,"w":21,"h":31},
	"rotated": false,
	"trimmed": false,
	"spriteSourceSize": {"x":0,"y":0,"w":21,"h":31},
	"sourceSize": {"w":21,"h":31},
	"pivot": {"x":0.5,"y":0.5}
},
"GAR1":
{
	"frame": {"x":21,"y":363,"w":16,"h":24},
	"rotated": false,
	"trimmed": true,
	"spriteSourceSize": {"x":0,"y":0,"w":16,"h":24},
	"sourceSize": {"w":16,"h":30},
	"pivot": {"x":0.5,"y":0.5}
},
"GAR2":
{
	"frame": {"x":2,"y":291,"w":18,"h":24},
	"rotated": false,
	"trimmed": true,
	"spriteSourceSize": {"x":0,"y":0,"w":18,"h":24},
	"sourceSize": {"w":18,"h":30},
	"pivot": {"x":0.5,"y":0.5}
},
"GAR3":
{
	"frame": {"x":231,"y":55,"w":23,"h":25},
	"rotated": false,
	"trimmed": true,
	"spriteSourceSize": {"x":0,"y":0,"w":23,"h":25},
	"sourceSize": {"w":23,"h":31},
	"pivot": {"x":0.5,"y":0.5}
},
"GAR4":
{
	"frame": {"x":2,"y":108,"w":26,"h":23},
	"rotated": false,
	"trimmed": true,
	"spriteSourceSize": {"x":0,"y":0,"w":26,"h":23},
	"sourceSize": {"w":26,"h":29},
	"pivot": {"x":0.5,"y":0.5}
},
"GAR5":
{
	"frame": {"x":200,"y":50,"w":29,"h":22},
	"rotated": false,
	"trimmed": true,
	"spriteSourceSize": {"x":0,"y":0,"w":29,"h":22},
	"sourceSize": {"w":29,"h":28},
	"pivot": {"x":0.5,"y":0.5}
},
"GAR6":
{
	"frame": {"x":136,"y":26,"w":31,"h":22},
	"rotated": false,
	"trimmed": true,
	"spriteSourceSize": {"x":0,"y":0,"w":31,"h":22},
	"sourceSize": {"w":31,"h":28},
	"pivot": {"x":0.5,"y":0.5}
},
"GAR7":
{
	"frame": {"x":32,"y":84,"w":28,"h":22},
	"rotated": false,
	"trimmed": true,
	"spriteSourceSize": {"x":0,"y":0,"w":28,"h":22},
	"sourceSize": {"w":28,"h":28},
	"pivot": {"x":0.5,"y":0.5}
},
"GAR8":
{
	"frame": {"x":158,"y":79,"w":28,"h":29},
	"rotated": false,
	"trimmed": false,
	"spriteSourceSize": {"x":0,"y":0,"w":28,"h":29},
	"sourceSize": {"w":28,"h":29},
	"pivot": {"x":0.5,"y":0.5}
},
"GAR9":
{
	"frame": {"x":83,"y":140,"w":21,"h":31},
	"rotated": false,
	"trimmed": false,
	"spriteSourceSize": {"x":0,"y":0,"w":21,"h":31},
	"sourceSize": {"w":21,"h":31},
	"pivot": {"x":0.5,"y":0.5}
},
"GD":
{
	"frame": {"x":149,"y":110,"w":24,"h":15},
	"rotated": false,
	"trimmed": false,
	"spriteSourceSize": {"x":0,"y":0,"w":24,"h":15},
	"sourceSize": {"w":24,"h":15},
	"pivot": {"x":0.5,"y":0.5}
},
"GHB":
{
	"frame": {"x":24,"y":189,"w":20,"h":19},
	"rotated": false,
	"trimmed": false,
	"spriteSourceSize": {"x":0,"y":0,"w":20,"h":19},
	"sourceSize": {"w":20,"h":19},
	"pivot": {"x":0.5,"y":0.5}
},
"GHF":
{
	"frame": {"x":39,"y":366,"w":16,"h":21},
	"rotated": false,
	"trimmed": false,
	"spriteSourceSize": {"x":0,"y":0,"w":16,"h":21},
	"sourceSize": {"w":16,"h":21},
	"pivot": {"x":0.5,"y":0.5}
},
"GHL":
{
	"frame": {"x":142,"y":317,"w":16,"h":21},
	"rotated": false,
	"trimmed": false,
	"spriteSourceSize": {"x":0,"y":0,"w":16,"h":21},
	"sourceSize": {"w":16,"h":21},
	"pivot": {"x":0.5,"y":0.5}
},
"GHR":
{
	"frame": {"x":160,"y":328,"w":16,"h":21},
	"rotated": false,
	"trimmed": false,
	"spriteSourceSize": {"x":0,"y":0,"w":16,"h":21},
	"sourceSize": {"w":16,"h":21},
	"pivot": {"x":0.5,"y":0.5}
},
"GI":
{
	"frame": {"x":214,"y":336,"w":16,"h":14},
	"rotated": false,
	"trimmed": false,
	"spriteSourceSize": {"x":0,"y":0,"w":16,"h":14},
	"sourceSize": {"w":16,"h":14},
	"pivot": {"x":0.5,"y":0.5}
},
"GMB1":
{
	"frame": {"x":237,"y":2,"w":17,"h":24},
	"rotated": false,
	"trimmed": false,
	"spriteSourceSize": {"x":0,"y":0,"w":17,"h":24},
	"sourceSize": {"w":17,"h":24},
	"pivot": {"x":0.5,"y":0.5}
},
"GMB2":
{
	"frame": {"x":146,"y":268,"w":17,"h":23},
	"rotated": false,
	"trimmed": false,
	"spriteSourceSize": {"x":0,"y":0,"w":17,"h":23},
	"sourceSize": {"w":17,"h":23},
	"pivot": {"x":0.5,"y":0.5}
},
"GMB3":
{
	"frame": {"x":224,"y":261,"w":17,"h":22},
	"rotated": false,
	"trimmed": false,
	"spriteSourceSize": {"x":0,"y":0,"w":17,"h":22},
	"sourceSize": {"w":17,"h":22},
	"pivot": {"x":0.5,"y":0.5}
},
"GMB4":
{
	"frame": {"x":126,"y":293,"w":17,"h":22},
	"rotated": false,
	"trimmed": false,
	"spriteSourceSize": {"x":0,"y":0,"w":17,"h":22},
	"sourceSize": {"w":17,"h":22},
	"pivot": {"x":0.5,"y":0.5}
},
"GMB5":
{
	"frame": {"x":145,"y":293,"w":17,"h":22},
	"rotated": false,
	"trimmed": false,
	"spriteSourceSize": {"x":0,"y":0,"w":17,"h":22},
	"sourceSize": {"w":17,"h":22},
	"pivot": {"x":0.5,"y":0.5}
},
"GMB6":
{
	"frame": {"x":186,"y":255,"w":17,"h":23},
	"rotated": false,
	"trimmed": false,
	"spriteSourceSize": {"x":0,"y":0,"w":17,"h":23},
	"sourceSize": {"w":17,"h":23},
	"pivot": {"x":0.5,"y":0.5}
},
"GMB7":
{
	"frame": {"x":87,"y":244,"w":17,"h":24},
	"rotated": false,
	"trimmed": false,
	"spriteSourceSize": {"x":0,"y":0,"w":17,"h":24},
	"sourceSize": {"w":17,"h":24},
	"pivot": {"x":0.5,"y":0.5}
},
"GMF1":
{
	"frame": {"x":2,"y":369,"w":16,"h":24},
	"rotated": false,
	"trimmed": false,
	"spriteSourceSize": {"x":0,"y":0,"w":16,"h":24},
	"sourceSize": {"w":16,"h":24},
	"pivot": {"x":0.5,"y":0.5}
},
"GMF2":
{
	"frame": {"x":182,"y":306,"w":16,"h":23},
	"rotated": false,
	"trimmed": false,
	"spriteSourceSize": {"x":0,"y":0,"w":16,"h":23},
	"sourceSize": {"w":16,"h":23},
	"pivot": {"x":0.5,"y":0.5}
},
"GMF3":
{
	"frame": {"x":124,"y":317,"w":16,"h":22},
	"rotated": false,
	"trimmed": false,
	"spriteSourceSize": {"x":0,"y":0,"w":16,"h":22},
	"sourceSize": {"w":16,"h":22},
	"pivot": {"x":0.5,"y":0.5}
},
"GMF4":
{
	"frame": {"x":103,"y":338,"w":16,"h":22},
	"rotated": false,
	"trimmed": false,
	"spriteSourceSize": {"x":0,"y":0,"w":16,"h":22},
	"sourceSize": {"w":16,"h":22},
	"pivot": {"x":0.5,"y":0.5}
},
"GMF5":
{
	"frame": {"x":124,"y":317,"w":16,"h":22},
	"rotated": false,
	"trimmed": false,
	"spriteSourceSize": {"x":0,"y":0,"w":16,"h":22},
	"sourceSize": {"w":16,"h":22},
	"pivot": {"x":0.5,"y":0.5}
},
"GMF6":
{
	"frame": {"x":200,"y":306,"w":16,"h":23},
	"rotated": false,
	"trimmed": false,
	"spriteSourceSize": {"x":0,"y":0,"w":16,"h":23},
	"sourceSize": {"w":16,"h":23},
	"pivot": {"x":0.5,"y":0.5}
},
"GMF7":
{
	"frame": {"x":184,"y":280,"w":16,"h":24},
	"rotated": false,
	"trimmed": false,
	"spriteSourceSize": {"x":0,"y":0,"w":16,"h":24},
	"sourceSize": {"w":16,"h":24},
	"pivot": {"x":0.5,"y":0.5}
},
"GML1":
{
	"frame": {"x":85,"y":296,"w":18,"h":23},
	"rotated": false,
	"trimmed": false,
	"spriteSourceSize": {"x":0,"y":0,"w":18,"h":23},
	"sourceSize": {"w":18,"h":23},
	"pivot": {"x":0.5,"y":0.5}
},
"GML2":
{
	"frame": {"x":127,"y":241,"w":18,"h":24},
	"rotated": false,
	"trimmed": false,
	"spriteSourceSize": {"x":0,"y":0,"w":18,"h":24},
	"sourceSize": {"w":18,"h":24},
	"pivot": {"x":0.5,"y":0.5}
},
"GML3":
{
	"frame": {"x":235,"y":202,"w":19,"h":24},
	"rotated": false,
	"trimmed": false,
	"spriteSourceSize": {"x":0,"y":0,"w":19,"h":24},
	"sourceSize": {"w":19,"h":24},
	"pivot": {"x":0.5,"y":0.5}
},
"GML4":
{
	"frame": {"x":2,"y":241,"w":19,"h":23},
	"rotated": false,
	"trimmed": false,
	"spriteSourceSize": {"x":0,"y":0,"w":19,"h":23},
	"sourceSize": {"w":19,"h":23},
	"pivot": {"x":0.5,"y":0.5}
},
"GML5":
{
	"frame": {"x":160,"y":216,"w":19,"h":24},
	"rotated": false,
	"trimmed": false,
	"spriteSourceSize": {"x":0,"y":0,"w":19,"h":24},
	"sourceSize": {"w":19,"h":24},
	"pivot": {"x":0.5,"y":0.5}
},
"GML6":
{
	"frame": {"x":106,"y":262,"w":18,"h":24},
	"rotated": false,
	"trimmed": false,
	"spriteSourceSize": {"x":0,"y":0,"w":18,"h":24},
	"sourceSize": {"w":18,"h":24},
	"pivot": {"x":0.5,"y":0.5}
},
"GML7":
{
	"frame": {"x":66,"y":232,"w":19,"h":23},
	"rotated": false,
	"trimmed": false,
	"spriteSourceSize": {"x":0,"y":0,"w":19,"h":23},
	"sourceSize": {"w":19,"h":23},
	"pivot": {"x":0.5,"y":0.5}
},
"GMR1":
{
	"frame": {"x":64,"y":308,"w":18,"h":23},
	"rotated": false,
	"trimmed": false,
	"spriteSourceSize": {"x":0,"y":0,"w":18,"h":23},
	"sourceSize": {"w":18,"h":23},
	"pivot": {"x":0.5,"y":0.5}
},
"GMR2":
{
	"frame": {"x":86,"y":270,"w":18,"h":24},
	"rotated": false,
	"trimmed": false,
	"spriteSourceSize": {"x":0,"y":0,"w":18,"h":24},
	"sourceSize": {"w":18,"h":24},
	"pivot": {"x":0.5,"y":0.5}
},
"GMR3":
{
	"frame": {"x":24,"y":210,"w":19,"h":24},
	"rotated": false,
	"trimmed": false,
	"spriteSourceSize": {"x":0,"y":0,"w":19,"h":24},
	"sourceSize": {"w":19,"h":24},
	"pivot": {"x":0.5,"y":0.5}
},
"GMR4":
{
	"frame": {"x":44,"y":239,"w":19,"h":23},
	"rotated": false,
	"trimmed": false,
	"spriteSourceSize": {"x":0,"y":0,"w":19,"h":23},
	"sourceSize": {"w":19,"h":23},
	"pivot": {"x":0.5,"y":0.5}
},
"GMR5":
{
	"frame": {"x":2,"y":215,"w":19,"h":24},
	"rotated": false,
	"trimmed": false,
	"spriteSourceSize": {"x":0,"y":0,"w":19,"h":24},
	"sourceSize": {"w":19,"h":24},
	"pivot": {"x":0.5,"y":0.5}
},
"GMR6":
{
	"frame": {"x":65,"y":282,"w":18,"h":24},
	"rotated": false,
	"trimmed": false,
	"spriteSourceSize": {"x":0,"y":0,"w":18,"h":24},
	"sourceSize": {"w":18,"h":24},
	"pivot": {"x":0.5,"y":0.5}
},
"GMR7":
{
	"frame": {"x":23,"y":262,"w":19,"h":23},
	"rotated": false,
	"trimmed": false,
	"spriteSourceSize": {"x":0,"y":0,"w":19,"h":23},
	"sourceSize": {"w":19,"h":23},
	"pivot": {"x":0.5,"y":0.5}
},
"HeartEmpty":
{
	"frame": {"x":128,"y":222,"w":8,"h":7},
	"rotated": false,
	"trimmed": false,
	"spriteSourceSize": {"x":0,"y":0,"w":8,"h":7},
	"sourceSize": {"w":8,"h":7},
	"pivot": {"x":0.5,"y":0.5}
},
"HeartFull":
{
	"frame": {"x":128,"y":231,"w":8,"h":7},
	"rotated": false,
	"trimmed": false,
	"spriteSourceSize": {"x":0,"y":0,"w":8,"h":7},
	"sourceSize": {"w":8,"h":7},
	"pivot": {"x":0.5,"y":0.5}
},
"HeartHalf":
{
	"frame": {"x":68,"y":181,"w":8,"h":7},
	"rotated": false,
	"trimmed": false,
	"spriteSourceSize": {"x":0,"y":0,"w":8,"h":7},
	"sourceSize": {"w":8,"h":7},
	"pivot": {"x":0.5,"y":0.5}
},
"P1":
{
	"frame": {"x":178,"y":331,"w":16,"h":16},
	"rotated": false,
	"trimmed": false,
	"spriteSourceSize": {"x":0,"y":0,"w":16,"h":16},
	"sourceSize": {"w":16,"h":16},
	"pivot": {"x":0.5,"y":0.5}
},
"P2":
{
	"frame": {"x":38,"y":389,"w":16,"h":17},
	"rotated": false,
	"trimmed": true,
	"spriteSourceSize": {"x":0,"y":0,"w":16,"h":17},
	"sourceSize": {"w":16,"h":29},
	"pivot": {"x":0.5,"y":0.5}
},
"R1":
{
	"frame": {"x":106,"y":144,"w":8,"h":14},
	"rotated": false,
	"trimmed": false,
	"spriteSourceSize": {"x":0,"y":0,"w":8,"h":14},
	"sourceSize": {"w":8,"h":14},
	"pivot": {"x":0.5,"y":0.5}
},
"R2":
{
	"frame": {"x":106,"y":160,"w":8,"h":14},
	"rotated": false,
	"trimmed": false,
	"spriteSourceSize": {"x":0,"y":0,"w":8,"h":14},
	"sourceSize": {"w":8,"h":14},
	"pivot": {"x":0.5,"y":0.5}
},
"R3":
{
	"frame": {"x":106,"y":176,"w":8,"h":14},
	"rotated": false,
	"trimmed": false,
	"spriteSourceSize": {"x":0,"y":0,"w":8,"h":14},
	"sourceSize": {"w":8,"h":14},
	"pivot": {"x":0.5,"y":0.5}
},
"RAB1":
{
	"frame": {"x":210,"y":164,"w":23,"h":22},
	"rotated": false,
	"trimmed": false,
	"spriteSourceSize": {"x":0,"y":0,"w":23,"h":22},
	"sourceSize": {"w":23,"h":22},
	"pivot": {"x":0.5,"y":0.5}
},
"RAB2":
{
	"frame": {"x":26,"y":133,"w":22,"h":22},
	"rotated": false,
	"trimmed": false,
	"spriteSourceSize": {"x":0,"y":0,"w":22,"h":22},
	"sourceSize": {"w":22,"h":22},
	"pivot": {"x":0.5,"y":0.5}
},
"RAB3":
{
	"frame": {"x":210,"y":138,"w":23,"h":24},
	"rotated": false,
	"trimmed": false,
	"spriteSourceSize": {"x":0,"y":0,"w":23,"h":24},
	"sourceSize": {"w":23,"h":24},
	"pivot": {"x":0.5,"y":0.5}
},
"RAB4":
{
	"frame": {"x":24,"y":157,"w":20,"h":30},
	"rotated": false,
	"trimmed": false,
	"spriteSourceSize": {"x":0,"y":0,"w":20,"h":30},
	"sourceSize": {"w":20,"h":30},
	"pivot": {"x":0.5,"y":0.5}
},
"RAB5":
{
	"frame": {"x":138,"y":207,"w":20,"h":32},
	"rotated": false,
	"trimmed": false,
	"spriteSourceSize": {"x":0,"y":0,"w":20,"h":32},
	"sourceSize": {"w":20,"h":32},
	"pivot": {"x":0.5,"y":0.5}
},
"RAB6":
{
	"frame": {"x":181,"y":180,"w":20,"h":35},
	"rotated": false,
	"trimmed": false,
	"spriteSourceSize": {"x":0,"y":0,"w":20,"h":35},
	"sourceSize": {"w":20,"h":35},
	"pivot": {"x":0.5,"y":0.5}
},
"RAB7":
{
	"frame": {"x":123,"y":110,"w":24,"h":30},
	"rotated": false,
	"trimmed": false,
	"spriteSourceSize": {"x":0,"y":0,"w":24,"h":30},
	"sourceSize": {"w":24,"h":30},
	"pivot": {"x":0.5,"y":0.5}
},
"RAB8":
{
	"frame": {"x":134,"y":50,"w":29,"h":27},
	"rotated": false,
	"trimmed": false,
	"spriteSourceSize": {"x":0,"y":0,"w":29,"h":27},
	"sourceSize": {"w":29,"h":27},
	"pivot": {"x":0.5,"y":0.5}
},
"RAB9":
{
	"frame": {"x":170,"y":2,"w":32,"h":22},
	"rotated": false,
	"trimmed": false,
	"spriteSourceSize": {"x":0,"y":0,"w":32,"h":22},
	"sourceSize": {"w":32,"h":22},
	"pivot": {"x":0.5,"y":0.5}
},
"RAF1":
{
	"frame": {"x":2,"y":189,"w":20,"h":24},
	"rotated": false,
	"trimmed": true,
	"spriteSourceSize": {"x":0,"y":0,"w":20,"h":24},
	"sourceSize": {"w":20,"h":33},
	"pivot": {"x":0.5,"y":0.5}
},
"RAF2":
{
	"frame": {"x":235,"y":170,"w":19,"h":30},
	"rotated": false,
	"trimmed": true,
	"spriteSourceSize": {"x":0,"y":0,"w":19,"h":30},
	"sourceSize": {"w":19,"h":32},
	"pivot": {"x":0.5,"y":0.5}
},
"RAF3":
{
	"frame": {"x":181,"y":217,"w":20,"h":32},
	"rotated": false,
	"trimmed": false,
	"spriteSourceSize": {"x":0,"y":0,"w":20,"h":32},
	"sourceSize": {"w":20,"h":32},
	"pivot": {"x":0.5,"y":0.5}
},
"RAF4":
{
	"frame": {"x":225,"y":228,"w":20,"h":31},
	"rotated": false,
	"trimmed": false,
	"spriteSourceSize": {"x":0,"y":0,"w":20,"h":31},
	"sourceSize": {"w":20,"h":31},
	"pivot": {"x":0.5,"y":0.5}
},
"RAF5":
{
	"frame": {"x":98,"y":52,"w":28,"h":30},
	"rotated": false,
	"trimmed": true,
	"spriteSourceSize": {"x":0,"y":0,"w":28,"h":30},
	"sourceSize": {"w":28,"h":31},
	"pivot": {"x":0.5,"y":0.5}
},
"RAF6":
{
	"frame": {"x":102,"y":2,"w":32,"h":24},
	"rotated": false,
	"trimmed": true,
	"spriteSourceSize": {"x":0,"y":0,"w":32,"h":24},
	"sourceSize": {"w":32,"h":31},
	"pivot": {"x":0.5,"y":0.5}
},
"RAL1":
{
	"frame": {"x":164,"y":302,"w":16,"h":24},
	"rotated": false,
	"trimmed": true,
	"spriteSourceSize": {"x":0,"y":0,"w":16,"h":24},
	"sourceSize": {"w":16,"h":30},
	"pivot": {"x":0.5,"y":0.5}
},
"RAL2":
{
	"frame": {"x":44,"y":289,"w":18,"h":24},
	"rotated": false,
	"trimmed": true,
	"spriteSourceSize": {"x":0,"y":0,"w":18,"h":24},
	"sourceSize": {"w":18,"h":30},
	"pivot": {"x":0.5,"y":0.5}
},
"RAL3":
{
	"frame": {"x":122,"y":142,"w":23,"h":25},
	"rotated": false,
	"trimmed": true,
	"spriteSourceSize": {"x":0,"y":0,"w":23,"h":25},
	"sourceSize": {"w":23,"h":31},
	"pivot": {"x":0.5,"y":0.5}
},
"RAL4":
{
	"frame": {"x":30,"y":108,"w":26,"h":23},
	"rotated": false,
	"trimmed": true,
	"spriteSourceSize": {"x":0,"y":0,"w":26,"h":23},
	"sourceSize": {"w":26,"h":29},
	"pivot": {"x":0.5,"y":0.5}
},
"RAL5":
{
	"frame": {"x":165,"y":55,"w":29,"h":22},
	"rotated": false,
	"trimmed": true,
	"spriteSourceSize": {"x":0,"y":0,"w":29,"h":22},
	"sourceSize": {"w":29,"h":28},
	"pivot": {"x":0.5,"y":0.5}
},
"RAL6":
{
	"frame": {"x":68,"y":28,"w":31,"h":22},
	"rotated": false,
	"trimmed": true,
	"spriteSourceSize": {"x":0,"y":0,"w":31,"h":22},
	"sourceSize": {"w":31,"h":28},
	"pivot": {"x":0.5,"y":0.5}
},
"RAL7":
{
	"frame": {"x":62,"y":84,"w":28,"h":22},
	"rotated": false,
	"trimmed": true,
	"spriteSourceSize": {"x":0,"y":0,"w":28,"h":22},
	"sourceSize": {"w":28,"h":28},
	"pivot": {"x":0.5,"y":0.5}
},
"RAL8":
{
	"frame": {"x":188,"y":98,"w":28,"h":29},
	"rotated": false,
	"trimmed": false,
	"spriteSourceSize": {"x":0,"y":0,"w":28,"h":29},
	"sourceSize": {"w":28,"h":29},
	"pivot": {"x":0.5,"y":0.5}
},
"RAL9":
{
	"frame": {"x":83,"y":173,"w":21,"h":31},
	"rotated": false,
	"trimmed": false,
	"spriteSourceSize": {"x":0,"y":0,"w":21,"h":31},
	"sourceSize": {"w":21,"h":31},
	"pivot": {"x":0.5,"y":0.5}
},
"RAR1":
{
	"frame": {"x":202,"y":280,"w":16,"h":24},
	"rotated": false,
	"trimmed": true,
	"spriteSourceSize": {"x":0,"y":0,"w":16,"h":24},
	"sourceSize": {"w":16,"h":30},
	"pivot": {"x":0.5,"y":0.5}
},
"RAR2":
{
	"frame": {"x":22,"y":312,"w":18,"h":24},
	"rotated": false,
	"trimmed": true,
	"spriteSourceSize": {"x":0,"y":0,"w":18,"h":24},
	"sourceSize": {"w":18,"h":30},
	"pivot": {"x":0.5,"y":0.5}
},
"RAR3":
{
	"frame": {"x":185,"y":129,"w":23,"h":25},
	"rotated": false,
	"trimmed": true,
	"spriteSourceSize": {"x":0,"y":0,"w":23,"h":25},
	"sourceSize": {"w":23,"h":31},
	"pivot": {"x":0.5,"y":0.5}
},
"RAR4":
{
	"frame": {"x":58,"y":108,"w":26,"h":23},
	"rotated": false,
	"trimmed": true,
	"spriteSourceSize": {"x":0,"y":0,"w":26,"h":23},
	"sourceSize": {"w":26,"h":29},
	"pivot": {"x":0.5,"y":0.5}
},
"RAR5":
{
	"frame": {"x":196,"y":74,"w":29,"h":22},
	"rotated": false,
	"trimmed": true,
	"spriteSourceSize": {"x":0,"y":0,"w":29,"h":22},
	"sourceSize": {"w":29,"h":28},
	"pivot": {"x":0.5,"y":0.5}
},
"RAR6":
{
	"frame": {"x":101,"y":28,"w":31,"h":22},
	"rotated": false,
	"trimmed": true,
	"spriteSourceSize": {"x":0,"y":0,"w":31,"h":22},
	"sourceSize": {"w":31,"h":28},
	"pivot": {"x":0.5,"y":0.5}
},
"RAR7":
{
	"frame": {"x":92,"y":84,"w":28,"h":22},
	"rotated": false,
	"trimmed": true,
	"spriteSourceSize": {"x":0,"y":0,"w":28,"h":22},
	"sourceSize": {"w":28,"h":28},
	"pivot": {"x":0.5,"y":0.5}
},
"RAR8":
{
	"frame": {"x":218,"y":107,"w":28,"h":29},
	"rotated": false,
	"trimmed": false,
	"spriteSourceSize": {"x":0,"y":0,"w":28,"h":29},
	"sourceSize": {"w":28,"h":29},
	"pivot": {"x":0.5,"y":0.5}
},
"RAR9":
{
	"frame": {"x":116,"y":169,"w":21,"h":31},
	"rotated": false,
	"trimmed": false,
	"spriteSourceSize": {"x":0,"y":0,"w":21,"h":31},
	"sourceSize": {"w":21,"h":31},
	"pivot": {"x":0.5,"y":0.5}
},
"RD":
{
	"frame": {"x":149,"y":127,"w":24,"h":15},
	"rotated": false,
	"trimmed": false,
	"spriteSourceSize": {"x":0,"y":0,"w":24,"h":15},
	"sourceSize": {"w":24,"h":15},
	"pivot": {"x":0.5,"y":0.5}
},
"RHB":
{
	"frame": {"x":46,"y":192,"w":20,"h":19},
	"rotated": false,
	"trimmed": false,
	"spriteSourceSize": {"x":0,"y":0,"w":20,"h":19},
	"sourceSize": {"w":20,"h":19},
	"pivot": {"x":0.5,"y":0.5}
},
"RHF":
{
	"frame": {"x":142,"y":340,"w":16,"h":21},
	"rotated": false,
	"trimmed": false,
	"spriteSourceSize": {"x":0,"y":0,"w":16,"h":21},
	"sourceSize": {"w":16,"h":21},
	"pivot": {"x":0.5,"y":0.5}
},
"RHL":
{
	"frame": {"x":121,"y":341,"w":16,"h":21},
	"rotated": false,
	"trimmed": false,
	"spriteSourceSize": {"x":0,"y":0,"w":16,"h":21},
	"sourceSize": {"w":16,"h":21},
	"pivot": {"x":0.5,"y":0.5}
},
"RHR":
{
	"frame": {"x":99,"y":362,"w":16,"h":21},
	"rotated": false,
	"trimmed": false,
	"spriteSourceSize": {"x":0,"y":0,"w":16,"h":21},
	"sourceSize": {"w":16,"h":21},
	"pivot": {"x":0.5,"y":0.5}
},
"RI":
{
	"frame": {"x":196,"y":348,"w":16,"h":14},
	"rotated": false,
	"trimmed": false,
	"spriteSourceSize": {"x":0,"y":0,"w":16,"h":14},
	"sourceSize": {"w":16,"h":14},
	"pivot": {"x":0.5,"y":0.5}
},
"RMB1":
{
	"frame": {"x":2,"y":343,"w":17,"h":24},
	"rotated": false,
	"trimmed": false,
	"spriteSourceSize": {"x":0,"y":0,"w":17,"h":24},
	"sourceSize": {"w":17,"h":24},
	"pivot": {"x":0.5,"y":0.5}
},
"RMB2":
{
	"frame": {"x":205,"y":255,"w":17,"h":23},
	"rotated": false,
	"trimmed": false,
	"spriteSourceSize": {"x":0,"y":0,"w":17,"h":23},
	"sourceSize": {"w":17,"h":23},
	"pivot": {"x":0.5,"y":0.5}
},
"RMB3":
{
	"frame": {"x":105,"y":314,"w":17,"h":22},
	"rotated": false,
	"trimmed": false,
	"spriteSourceSize": {"x":0,"y":0,"w":17,"h":22},
	"sourceSize": {"w":17,"h":22},
	"pivot": {"x":0.5,"y":0.5}
},
"RMB4":
{
	"frame": {"x":84,"y":321,"w":17,"h":22},
	"rotated": false,
	"trimmed": false,
	"spriteSourceSize": {"x":0,"y":0,"w":17,"h":22},
	"sourceSize": {"w":17,"h":22},
	"pivot": {"x":0.5,"y":0.5}
},
"RMB5":
{
	"frame": {"x":62,"y":333,"w":17,"h":22},
	"rotated": false,
	"trimmed": false,
	"spriteSourceSize": {"x":0,"y":0,"w":17,"h":22},
	"sourceSize": {"w":17,"h":22},
	"pivot": {"x":0.5,"y":0.5}
},
"RMB6":
{
	"frame": {"x":165,"y":277,"w":17,"h":23},
	"rotated": false,
	"trimmed": false,
	"spriteSourceSize": {"x":0,"y":0,"w":17,"h":23},
	"sourceSize": {"w":17,"h":23},
	"pivot": {"x":0.5,"y":0.5}
},
"RMB7":
{
	"frame": {"x":167,"y":251,"w":17,"h":24},
	"rotated": false,
	"trimmed": false,
	"spriteSourceSize": {"x":0,"y":0,"w":17,"h":24},
	"sourceSize": {"w":17,"h":24},
	"pivot": {"x":0.5,"y":0.5}
},
"RMF1":
{
	"frame": {"x":220,"y":285,"w":16,"h":24},
	"rotated": false,
	"trimmed": false,
	"spriteSourceSize": {"x":0,"y":0,"w":16,"h":24},
	"sourceSize": {"w":16,"h":24},
	"pivot": {"x":0.5,"y":0.5}
},
"RMF2":
{
	"frame": {"x":218,"y":311,"w":16,"h":23},
	"rotated": false,
	"trimmed": false,
	"spriteSourceSize": {"x":0,"y":0,"w":16,"h":23},
	"sourceSize": {"w":16,"h":23},
	"pivot": {"x":0.5,"y":0.5}
},
"RMF3":
{
	"frame": {"x":81,"y":345,"w":16,"h":22},
	"rotated": false,
	"trimmed": false,
	"spriteSourceSize": {"x":0,"y":0,"w":16,"h":22},
	"sourceSize": {"w":16,"h":22},
	"pivot": {"x":0.5,"y":0.5}
},
"RMF4":
{
	"frame": {"x":60,"y":357,"w":16,"h":22},
	"rotated": false,
	"trimmed": false,
	"spriteSourceSize": {"x":0,"y":0,"w":16,"h":22},
	"sourceSize": {"w":16,"h":22},
	"pivot": {"x":0.5,"y":0.5}
},
"RMF5":
{
	"frame": {"x":81,"y":345,"w":16,"h":22},
	"rotated": false,
	"trimmed": false,
	"spriteSourceSize": {"x":0,"y":0,"w":16,"h":22},
	"sourceSize": {"w":16,"h":22},
	"pivot": {"x":0.5,"y":0.5}
},
"RMF6":
{
	"frame": {"x":236,"y":311,"w":16,"h":23},
	"rotated": false,
	"trimmed": false,
	"spriteSourceSize": {"x":0,"y":0,"w":16,"h":23},
	"sourceSize": {"w":16,"h":23},
	"pivot": {"x":0.5,"y":0.5}
},
"RMF7":
{
	"frame": {"x":238,"y":285,"w":16,"h":24},
	"rotated": false,
	"trimmed": false,
	"spriteSourceSize": {"x":0,"y":0,"w":16,"h":24},
	"sourceSize": {"w":16,"h":24},
	"pivot": {"x":0.5,"y":0.5}
},
"RML1":
{
	"frame": {"x":42,"y":315,"w":18,"h":23},
	"rotated": false,
	"trimmed": false,
	"spriteSourceSize": {"x":0,"y":0,"w":18,"h":23},
	"sourceSize": {"w":18,"h":23},
	"pivot": {"x":0.5,"y":0.5}
},
"RML2":
{
	"frame": {"x":2,"y":317,"w":18,"h":24},
	"rotated": false,
	"trimmed": false,
	"spriteSourceSize": {"x":0,"y":0,"w":18,"h":24},
	"sourceSize": {"w":18,"h":24},
	"pivot": {"x":0.5,"y":0.5}
},
"RML3":
{
	"frame": {"x":68,"y":206,"w":19,"h":24},
	"rotated": false,
	"trimmed": false,
	"spriteSourceSize": {"x":0,"y":0,"w":19,"h":24},
	"sourceSize": {"w":19,"h":24},
	"pivot": {"x":0.5,"y":0.5}
},
"RML4":
{
	"frame": {"x":2,"y":266,"w":19,"h":23},
	"rotated": false,
	"trimmed": false,
	"spriteSourceSize": {"x":0,"y":0,"w":19,"h":23},
	"sourceSize": {"w":19,"h":23},
	"pivot": {"x":0.5,"y":0.5}
},
"RML5":
{
	"frame": {"x":106,"y":236,"w":19,"h":24},
	"rotated": false,
	"trimmed": false,
	"spriteSourceSize": {"x":0,"y":0,"w":19,"h":24},
	"sourceSize": {"w":19,"h":24},
	"pivot": {"x":0.5,"y":0.5}
},
"RML6":
{
	"frame": {"x":147,"y":242,"w":18,"h":24},
	"rotated": false,
	"trimmed": false,
	"spriteSourceSize": {"x":0,"y":0,"w":18,"h":24},
	"sourceSize": {"w":18,"h":24},
	"pivot": {"x":0.5,"y":0.5}
},
"RML7":
{
	"frame": {"x":65,"y":257,"w":19,"h":23},
	"rotated": false,
	"trimmed": false,
	"spriteSourceSize": {"x":0,"y":0,"w":19,"h":23},
	"sourceSize": {"w":19,"h":23},
	"pivot": {"x":0.5,"y":0.5}
},
"RMR1":
{
	"frame": {"x":22,"y":338,"w":18,"h":23},
	"rotated": false,
	"trimmed": false,
	"spriteSourceSize": {"x":0,"y":0,"w":18,"h":23},
	"sourceSize": {"w":18,"h":23},
	"pivot": {"x":0.5,"y":0.5}
},
"RMR2":
{
	"frame": {"x":126,"y":267,"w":18,"h":24},
	"rotated": false,
	"trimmed": false,
	"spriteSourceSize": {"x":0,"y":0,"w":18,"h":24},
	"sourceSize": {"w":18,"h":24},
	"pivot": {"x":0.5,"y":0.5}
},
"RMR3":
{
	"frame": {"x":45,"y":213,"w":19,"h":24},
	"rotated": false,
	"trimmed": false,
	"spriteSourceSize": {"x":0,"y":0,"w":19,"h":24},
	"sourceSize": {"w":19,"h":24},
	"pivot": {"x":0.5,"y":0.5}
},
"RMR4":
{
	"frame": {"x":44,"y":264,"w":19,"h":23},
	"rotated": false,
	"trimmed": false,
	"spriteSourceSize": {"x":0,"y":0,"w":19,"h":23},
	"sourceSize": {"w":19,"h":23},
	"pivot": {"x":0.5,"y":0.5}
},
"RMR5":
{
	"frame": {"x":23,"y":236,"w":19,"h":24},
	"rotated": false,
	"trimmed": false,
	"spriteSourceSize": {"x":0,"y":0,"w":19,"h":24},
	"sourceSize": {"w":19,"h":24},
	"pivot": {"x":0.5,"y":0.5}
},
"RMR6":
{
	"frame": {"x":106,"y":288,"w":18,"h":24},
	"rotated": false,
	"trimmed": false,
	"spriteSourceSize": {"x":0,"y":0,"w":18,"h":24},
	"sourceSize": {"w":18,"h":24},
	"pivot": {"x":0.5,"y":0.5}
},
"RMR7":
{
	"frame": {"x":23,"y":287,"w":19,"h":23},
	"rotated": false,
	"trimmed": false,
	"spriteSourceSize": {"x":0,"y":0,"w":19,"h":23},
	"sourceSize": {"w":19,"h":23},
	"pivot": {"x":0.5,"y":0.5}
},
"RecoveryHeart":
{
	"frame": {"x":68,"y":190,"w":8,"h":7},
	"rotated": false,
	"trimmed": false,
	"spriteSourceSize": {"x":0,"y":0,"w":8,"h":7},
	"sourceSize": {"w":8,"h":7},
	"pivot": {"x":0.5,"y":0.5}
},
"T1":
{
	"frame": {"x":2,"y":2,"w":64,"h":80},
	"rotated": false,
	"trimmed": false,
	"spriteSourceSize": {"x":0,"y":0,"w":64,"h":80},
	"sourceSize": {"w":64,"h":80},
	"pivot": {"x":0.5,"y":0.5}
},
"colon":
{
	"frame": {"x":188,"y":79,"w":5,"h":8},
	"rotated": false,
	"trimmed": false,
	"spriteSourceSize": {"x":0,"y":0,"w":5,"h":8},
	"sourceSize": {"w":5,"h":8},
	"pivot": {"x":0.5,"y":0.5}
}},
"meta": {
	"app": "http://www.codeandweb.com/texturepacker",
	"version": "1.0",
	"image": "zeldaSprites.png",
	"format": "RGBA8888",
	"size": {"w":256,"h":512},
	"scale": "1",
	"smartupdate": "$TexturePacker:SmartUpdate:d7dc000aca8d25fc24ccf450fe168c41:80ea2ef72f704d9c14d3253cd72f012c:3c0e820a99b3e080fb3d055dd7e872a0$"
}
}
