<?xml version="1.0" encoding="UTF-8"?>
<objects serializationModel="Studio.02.02.00">
	<object class="Event" id="{853f83a0-6b3d-4497-8356-689b103ee0e2}">
		<property name="name">
			<value>chicken_idle</value>
		</property>
		<property name="outputFormat">
			<value>0</value>
		</property>
		<relationship name="folder">
			<destination>{50941c65-1dbb-42c6-a4c6-a718e9a3f4c5}</destination>
		</relationship>
		<relationship name="mixer">
			<destination>{592fb6b7-757f-4dfa-8c9c-10a2fdfad74f}</destination>
		</relationship>
		<relationship name="masterTrack">
			<destination>{f95ebaa8-87a0-4e8d-b1af-41cc864b0d51}</destination>
		</relationship>
		<relationship name="mixerInput">
			<destination>{e9082c10-395b-44d9-89cd-43f95cc710a3}</destination>
		</relationship>
		<relationship name="automatableProperties">
			<destination>{dc2cb349-3c76-466f-9eb1-9ad6c99029f6}</destination>
		</relationship>
		<relationship name="markerTracks">
			<destination>{19084585-9fcf-4673-bad6-332cef9cebd4}</destination>
			<destination>{5666cf7e-ffde-4b14-adcc-4a167130b605}</destination>
			<destination>{5a69adb0-09a5-48da-b181-afec6c6d7385}</destination>
			<destination>{b6dce01c-bd58-4a98-a74c-c8a5cfd680b9}</destination>
			<destination>{d6eaacfe-562f-4f3a-964d-d4254e14703f}</destination>
			<destination>{67a34e3b-2f4e-40e2-ae2d-6fb1eff6a9c0}</destination>
		</relationship>
		<relationship name="groupTracks">
			<destination>{42355577-6ac4-4f91-a37c-258148ba8d29}</destination>
			<destination>{589d3330-765a-4aa4-a662-37d561c72a0e}</destination>
		</relationship>
		<relationship name="timeline">
			<destination>{8c29f763-1981-41d1-b3da-1c841194565f}</destination>
		</relationship>
		<relationship name="parameters">
			<destination>{6ba2cc6e-a439-4233-ba5b-a21bcc87d35e}</destination>
		</relationship>
		<relationship name="banks">
			<destination>{19350a4c-7669-42f7-9cbd-ae089344506f}</destination>
		</relationship>
	</object>
	<object class="EventMixer" id="{592fb6b7-757f-4dfa-8c9c-10a2fdfad74f}">
		<relationship name="masterBus">
			<destination>{3357db84-14cd-41cd-b66c-694ff0026ee0}</destination>
		</relationship>
	</object>
	<object class="MasterTrack" id="{f95ebaa8-87a0-4e8d-b1af-41cc864b0d51}">
		<relationship name="mixerGroup">
			<destination>{3357db84-14cd-41cd-b66c-694ff0026ee0}</destination>
		</relationship>
	</object>
	<object class="MixerInput" id="{e9082c10-395b-44d9-89cd-43f95cc710a3}">
		<relationship name="effectChain">
			<destination>{feaeaaf1-761a-43d7-9523-9ef2ecb87607}</destination>
		</relationship>
		<relationship name="panner">
			<destination>{e40a951a-df72-4f41-87a9-9968d67580ee}</destination>
		</relationship>
		<relationship name="output">
			<destination>{948770ce-cf8c-494f-aafa-ddc0055694a8}</destination>
		</relationship>
	</object>
	<object class="EventAutomatableProperties" id="{dc2cb349-3c76-466f-9eb1-9ad6c99029f6}" />
	<object class="MarkerTrack" id="{19084585-9fcf-4673-bad6-332cef9cebd4}" />
	<object class="MarkerTrack" id="{5666cf7e-ffde-4b14-adcc-4a167130b605}" />
	<object class="MarkerTrack" id="{5a69adb0-09a5-48da-b181-afec6c6d7385}" />
	<object class="MarkerTrack" id="{b6dce01c-bd58-4a98-a74c-c8a5cfd680b9}" />
	<object class="MarkerTrack" id="{d6eaacfe-562f-4f3a-964d-d4254e14703f}" />
	<object class="MarkerTrack" id="{67a34e3b-2f4e-40e2-ae2d-6fb1eff6a9c0}" />
	<object class="GroupTrack" id="{42355577-6ac4-4f91-a37c-258148ba8d29}">
		<relationship name="automationTracks">
			<destination>{a0d761bd-3e3d-4286-b5f6-440c28fd43a0}</destination>
		</relationship>
		<relationship name="modules">
			<destination>{0ddbf0b5-1da9-4d91-a450-a4917464a1a5}</destination>
		</relationship>
		<relationship name="mixerGroup">
			<destination>{1d2aefd5-6335-4240-b07f-ee2c03a0d26a}</destination>
		</relationship>
	</object>
	<object class="GroupTrack" id="{589d3330-765a-4aa4-a662-37d561c72a0e}">
		<relationship name="automationTracks">
			<destination>{382f3896-9478-4994-9d7e-745bd418474f}</destination>
		</relationship>
		<relationship name="modules">
			<destination>{e6b1bda2-c7fa-405b-843d-924cfb121a37}</destination>
		</relationship>
		<relationship name="mixerGroup">
			<destination>{98055257-7d68-4e67-b012-624ae1f4f37c}</destination>
		</relationship>
	</object>
	<object class="Timeline" id="{8c29f763-1981-41d1-b3da-1c841194565f}">
		<relationship name="modules">
			<destination>{0ddbf0b5-1da9-4d91-a450-a4917464a1a5}</destination>
			<destination>{e6b1bda2-c7fa-405b-843d-924cfb121a37}</destination>
		</relationship>
		<relationship name="markers">
			<destination>{3c861110-e6bb-4507-a925-27740f98e4e5}</destination>
			<destination>{31bc430a-9dfa-41f8-8859-789a118364b2}</destination>
			<destination>{93eeca79-f68c-43ea-bfbb-401c8a9e1d54}</destination>
			<destination>{55efc99a-9cfb-488b-aaa7-ab0232e7873c}</destination>
			<destination>{e44a450e-5e2a-4548-8493-b21c620fde42}</destination>
			<destination>{e1738d63-43f4-4845-9535-db0f5ab08a46}</destination>
		</relationship>
	</object>
	<object class="ParameterProxy" id="{6ba2cc6e-a439-4233-ba5b-a21bcc87d35e}">
		<relationship name="preset">
			<destination>{296cd705-c6b9-4977-a167-06a36d19cbe0}</destination>
		</relationship>
	</object>
	<object class="EventMixerMaster" id="{3357db84-14cd-41cd-b66c-694ff0026ee0}">
		<relationship name="effectChain">
			<destination>{854ccae6-bb7c-408d-a8c7-cb1c63c42479}</destination>
		</relationship>
		<relationship name="panner">
			<destination>{9c25809a-d016-4178-ac61-120bb64a2b20}</destination>
		</relationship>
		<relationship name="mixer">
			<destination>{592fb6b7-757f-4dfa-8c9c-10a2fdfad74f}</destination>
		</relationship>
	</object>
	<object class="MixerBusEffectChain" id="{feaeaaf1-761a-43d7-9523-9ef2ecb87607}">
		<relationship name="effects">
			<destination>{3a323949-b43b-4209-9d06-c03b5a17e6e1}</destination>
		</relationship>
	</object>
	<object class="MixerBusPanner" id="{e40a951a-df72-4f41-87a9-9968d67580ee}" />
	<object class="AutomationTrack" id="{a0d761bd-3e3d-4286-b5f6-440c28fd43a0}">
		<relationship name="automator">
			<destination>{a6fbb362-891c-4712-8469-8b8ae84f959d}</destination>
		</relationship>
	</object>
	<object class="SingleSound" id="{0ddbf0b5-1da9-4d91-a450-a4917464a1a5}">
		<property name="length">
			<value>0.30753124999999998</value>
		</property>
		<property name="pitch">
			<value>-2</value>
		</property>
		<relationship name="modulators">
			<destination>{9523da79-2adf-4287-a978-e55d843e1092}</destination>
		</relationship>
		<relationship name="audioFile">
			<destination>{0738de2d-57ae-483c-a37e-d64fb81841d1}</destination>
		</relationship>
	</object>
	<object class="EventMixerGroup" id="{1d2aefd5-6335-4240-b07f-ee2c03a0d26a}">
		<property name="volume">
			<value>5.5</value>
		</property>
		<property name="name">
			<value>Audio 1</value>
		</property>
		<relationship name="automators">
			<destination>{a6fbb362-891c-4712-8469-8b8ae84f959d}</destination>
		</relationship>
		<relationship name="effectChain">
			<destination>{63bbea6c-8490-4993-b1b0-cc13bad9a358}</destination>
		</relationship>
		<relationship name="panner">
			<destination>{e52057bc-9e5f-4adc-9b16-2c685a7517a0}</destination>
		</relationship>
		<relationship name="output">
			<destination>{3357db84-14cd-41cd-b66c-694ff0026ee0}</destination>
		</relationship>
	</object>
	<object class="AutomationTrack" id="{382f3896-9478-4994-9d7e-745bd418474f}">
		<relationship name="automator">
			<destination>{61f54b75-6058-4982-871d-41a8a28229c0}</destination>
		</relationship>
	</object>
	<object class="SingleSound" id="{e6b1bda2-c7fa-405b-843d-924cfb121a37}">
		<property name="start">
			<value>0.42999999999999999</value>
		</property>
		<property name="length">
			<value>0.30753124999999998</value>
		</property>
		<property name="pitch">
			<value>-2</value>
		</property>
		<relationship name="modulators">
			<destination>{0d201fca-0ef5-452b-b265-9315708a7978}</destination>
		</relationship>
		<relationship name="audioFile">
			<destination>{0738de2d-57ae-483c-a37e-d64fb81841d1}</destination>
		</relationship>
	</object>
	<object class="EventMixerGroup" id="{98055257-7d68-4e67-b012-624ae1f4f37c}">
		<property name="name">
			<value>Audio 2</value>
		</property>
		<relationship name="automators">
			<destination>{61f54b75-6058-4982-871d-41a8a28229c0}</destination>
		</relationship>
		<relationship name="effectChain">
			<destination>{d21fe548-1251-4664-8e9e-9f02c5adfe6b}</destination>
		</relationship>
		<relationship name="panner">
			<destination>{6b426f63-dd7f-4d24-830d-81edfbe49d49}</destination>
		</relationship>
		<relationship name="output">
			<destination>{3357db84-14cd-41cd-b66c-694ff0026ee0}</destination>
		</relationship>
	</object>
	<object class="TempoMarker" id="{3c861110-e6bb-4507-a925-27740f98e4e5}">
		<property name="position">
			<value>0</value>
		</property>
		<property name="tempo">
			<value>480</value>
		</property>
		<relationship name="timeline">
			<destination>{8c29f763-1981-41d1-b3da-1c841194565f}</destination>
		</relationship>
		<relationship name="markerTrack">
			<destination>{5666cf7e-ffde-4b14-adcc-4a167130b605}</destination>
		</relationship>
	</object>
	<object class="NamedMarker" id="{31bc430a-9dfa-41f8-8859-789a118364b2}">
		<property name="position">
			<value>0</value>
		</property>
		<property name="name">
			<value>Start</value>
		</property>
		<relationship name="timeline">
			<destination>{8c29f763-1981-41d1-b3da-1c841194565f}</destination>
		</relationship>
		<relationship name="markerTrack">
			<destination>{5a69adb0-09a5-48da-b181-afec6c6d7385}</destination>
		</relationship>
	</object>
	<object class="TransitionMarker" id="{93eeca79-f68c-43ea-bfbb-401c8a9e1d54}">
		<property name="position">
			<value>3.1000000000000001</value>
		</property>
		<relationship name="timeline">
			<destination>{8c29f763-1981-41d1-b3da-1c841194565f}</destination>
		</relationship>
		<relationship name="markerTrack">
			<destination>{19084585-9fcf-4673-bad6-332cef9cebd4}</destination>
		</relationship>
		<relationship name="destination">
			<destination>{31bc430a-9dfa-41f8-8859-789a118364b2}</destination>
		</relationship>
	</object>
	<object class="TransitionRegion" id="{55efc99a-9cfb-488b-aaa7-ab0232e7873c}">
		<property name="position">
			<value>0.73999999999999999</value>
		</property>
		<property name="length">
			<value>0.76000000000000001</value>
		</property>
		<property name="triggerProbabilityEnabled">
			<value>true</value>
		</property>
		<property name="triggerProbability">
			<value>25</value>
		</property>
		<property name="quantizationInterval">
			<value>5</value>
		</property>
		<relationship name="timeline">
			<destination>{8c29f763-1981-41d1-b3da-1c841194565f}</destination>
		</relationship>
		<relationship name="markerTrack">
			<destination>{b6dce01c-bd58-4a98-a74c-c8a5cfd680b9}</destination>
		</relationship>
		<relationship name="destination">
			<destination>{31bc430a-9dfa-41f8-8859-789a118364b2}</destination>
		</relationship>
		<relationship name="triggerConditions">
			<destination>{c7203b8d-3946-47a3-989e-9bb8784758bd}</destination>
		</relationship>
	</object>
	<object class="TransitionRegion" id="{e44a450e-5e2a-4548-8493-b21c620fde42}">
		<property name="position">
			<value>1.5</value>
		</property>
		<property name="length">
			<value>0.76000000000000023</value>
		</property>
		<property name="triggerProbabilityEnabled">
			<value>true</value>
		</property>
		<property name="triggerProbability">
			<value>24.5</value>
		</property>
		<property name="quantizationInterval">
			<value>5</value>
		</property>
		<relationship name="timeline">
			<destination>{8c29f763-1981-41d1-b3da-1c841194565f}</destination>
		</relationship>
		<relationship name="markerTrack">
			<destination>{d6eaacfe-562f-4f3a-964d-d4254e14703f}</destination>
		</relationship>
		<relationship name="destination">
			<destination>{31bc430a-9dfa-41f8-8859-789a118364b2}</destination>
		</relationship>
		<relationship name="triggerConditions">
			<destination>{990cb266-506b-4047-9277-7ad58c764c1f}</destination>
		</relationship>
	</object>
	<object class="TransitionRegion" id="{e1738d63-43f4-4845-9535-db0f5ab08a46}">
		<property name="position">
			<value>2.25</value>
		</property>
		<property name="length">
			<value>0.75</value>
		</property>
		<property name="triggerProbabilityEnabled">
			<value>true</value>
		</property>
		<property name="triggerProbability">
			<value>24.5</value>
		</property>
		<property name="quantizationInterval">
			<value>5</value>
		</property>
		<relationship name="timeline">
			<destination>{8c29f763-1981-41d1-b3da-1c841194565f}</destination>
		</relationship>
		<relationship name="markerTrack">
			<destination>{67a34e3b-2f4e-40e2-ae2d-6fb1eff6a9c0}</destination>
		</relationship>
		<relationship name="destination">
			<destination>{31bc430a-9dfa-41f8-8859-789a118364b2}</destination>
		</relationship>
	</object>
	<object class="MixerBusEffectChain" id="{854ccae6-bb7c-408d-a8c7-cb1c63c42479}">
		<relationship name="effects">
			<destination>{3b360f87-588c-4199-b644-91b6efc46c83}</destination>
		</relationship>
	</object>
	<object class="MixerBusPanner" id="{9c25809a-d016-4178-ac61-120bb64a2b20}" />
	<object class="MixerBusFader" id="{3a323949-b43b-4209-9d06-c03b5a17e6e1}" />
	<object class="RandomizerModulator" id="{9523da79-2adf-4287-a978-e55d843e1092}">
		<property name="nameOfPropertyBeingModulated">
			<value>pitch</value>
		</property>
		<property name="amount">
			<value>10.416666</value>
		</property>
	</object>
	<object class="Automator" id="{a6fbb362-891c-4712-8469-8b8ae84f959d}">
		<property name="nameOfPropertyBeingAutomated">
			<value>volume</value>
		</property>
		<relationship name="automationCurves">
			<destination>{8473793e-3bd8-4134-906c-ce0d5410fc0d}</destination>
		</relationship>
	</object>
	<object class="MixerBusEffectChain" id="{63bbea6c-8490-4993-b1b0-cc13bad9a358}">
		<relationship name="effects">
			<destination>{99984c84-1497-4165-9516-e608fc54c6b5}</destination>
		</relationship>
	</object>
	<object class="MixerBusPanner" id="{e52057bc-9e5f-4adc-9b16-2c685a7517a0}" />
	<object class="RandomizerModulator" id="{0d201fca-0ef5-452b-b265-9315708a7978}">
		<property name="nameOfPropertyBeingModulated">
			<value>pitch</value>
		</property>
		<property name="amount">
			<value>10.416666</value>
		</property>
	</object>
	<object class="Automator" id="{61f54b75-6058-4982-871d-41a8a28229c0}">
		<property name="nameOfPropertyBeingAutomated">
			<value>volume</value>
		</property>
		<relationship name="automationCurves">
			<destination>{114ad980-331b-4db6-950b-0d3c5cf08e98}</destination>
		</relationship>
	</object>
	<object class="MixerBusEffectChain" id="{d21fe548-1251-4664-8e9e-9f02c5adfe6b}">
		<relationship name="effects">
			<destination>{2ff5aef4-f961-4ce3-9032-ee82faf352f3}</destination>
		</relationship>
	</object>
	<object class="MixerBusPanner" id="{6b426f63-dd7f-4d24-830d-81edfbe49d49}" />
	<object class="ParameterCondition" id="{c7203b8d-3946-47a3-989e-9bb8784758bd}">
		<property name="minimum">
			<value>16</value>
		</property>
		<property name="maximum">
			<value>50</value>
		</property>
		<relationship name="parameter">
			<destination>{296cd705-c6b9-4977-a167-06a36d19cbe0}</destination>
		</relationship>
	</object>
	<object class="ParameterCondition" id="{990cb266-506b-4047-9277-7ad58c764c1f}">
		<property name="minimum">
			<value>7.5</value>
		</property>
		<property name="maximum">
			<value>50</value>
		</property>
		<relationship name="parameter">
			<destination>{296cd705-c6b9-4977-a167-06a36d19cbe0}</destination>
		</relationship>
	</object>
	<object class="MixerBusFader" id="{3b360f87-588c-4199-b644-91b6efc46c83}" />
	<object class="AutomationCurve" id="{8473793e-3bd8-4134-906c-ce0d5410fc0d}">
		<relationship name="parameter">
			<destination>{296cd705-c6b9-4977-a167-06a36d19cbe0}</destination>
		</relationship>
		<relationship name="automationPoints">
			<destination>{2e0ddfd5-bfd9-4f54-920a-1dba91a2cc24}</destination>
			<destination>{075470ef-9355-42b5-84d9-33520bae2a77}</destination>
			<destination>{fd03b6e4-e419-4685-a56b-289874c2d473}</destination>
		</relationship>
	</object>
	<object class="MixerBusFader" id="{99984c84-1497-4165-9516-e608fc54c6b5}" />
	<object class="AutomationCurve" id="{114ad980-331b-4db6-950b-0d3c5cf08e98}">
		<relationship name="parameter">
			<destination>{296cd705-c6b9-4977-a167-06a36d19cbe0}</destination>
		</relationship>
		<relationship name="automationPoints">
			<destination>{5b27d7be-d60f-4654-acbc-de04ff062b11}</destination>
			<destination>{106d3cbd-4607-41ad-8923-578f41509842}</destination>
		</relationship>
	</object>
	<object class="MixerBusFader" id="{2ff5aef4-f961-4ce3-9032-ee82faf352f3}" />
	<object class="AutomationPoint" id="{2e0ddfd5-bfd9-4f54-920a-1dba91a2cc24}">
		<property name="position">
			<value>0</value>
		</property>
		<property name="value">
			<value>-80</value>
		</property>
	</object>
	<object class="AutomationPoint" id="{075470ef-9355-42b5-84d9-33520bae2a77}">
		<property name="position">
			<value>0.5</value>
		</property>
		<property name="value">
			<value>-17</value>
		</property>
	</object>
	<object class="AutomationPoint" id="{fd03b6e4-e419-4685-a56b-289874c2d473}">
		<property name="position">
			<value>1</value>
		</property>
		<property name="value">
			<value>-7</value>
		</property>
	</object>
	<object class="AutomationPoint" id="{5b27d7be-d60f-4654-acbc-de04ff062b11}">
		<property name="position">
			<value>0</value>
		</property>
		<property name="value">
			<value>-80</value>
		</property>
		<property name="curveShape">
			<value>-1</value>
		</property>
	</object>
	<object class="AutomationPoint" id="{106d3cbd-4607-41ad-8923-578f41509842}">
		<property name="position">
			<value>48.799435028248588</value>
		</property>
		<property name="value">
			<value>10</value>
		</property>
	</object>
</objects>
